,geo_h3_10,avg,population,lat_x,lon_x,city,Автозапчасти для иномарок,Авторемонт и техобслуживание (СТО),Алкогольные напитки,Аптеки,Банки,Быстрое питание,Доставка готовых блюд,Женская одежда,Кафе,Косметика / Парфюмерия,Ногтевые студии,Овощи / Фрукты,Парикмахерские,Платёжные терминалы,Постаматы,Продуктовые магазины,Пункты выдачи интернет-заказов,Рестораны,Страхование,Супермаркеты,Цветы,Шиномонтаж,lat_y,lon_y
0,8a10c228820ffff,1162.1666666666663,528,56.89164764372679,60.60539892092092,Екатеринбург,,3.0,,,,,,,,,,,2.0,,,,,,,,,,56.89164764372679,60.60539892092092
1,8a10c228944ffff,2963.333333333333,321,56.89620627985079,60.625910704724106,Екатеринбург,,,,,,,,,,,,,,1.0,2.0,,,,,2.0,,,56.89620627985079,60.625910704724106
2,8a10c2289517fff,116.35,375,56.89398022310032,60.61260981174454,Екатеринбург,,,,2.0,,,,,2.0,1.0,,,,,,,,,,,1.0,,56.89398022310032,60.61260981174456
3,8a10c2289737fff,84.75,654,56.89742522591588,60.62647252303491,Екатеринбург,,,,,,,,,,3.0,,,,4.0,2.0,,,,,4.0,,,56.89742522591588,60.62647252303491
4,8a10c2289c9ffff,80.83333333333333,451,56.895675927374704,60.60929911228175,Екатеринбург,,,,,,,,,,,,,,,2.0,,,3.0,,5.0,,,56.895675927374704,60.60929911228175
5,8a10c228a6a7fff,6947.0,528,56.8573001891341,60.60186674654757,Екатеринбург,,,2.0,4.0,,,,,2.0,,,,,,,,,,,,,,56.8573001891341,60.60186674654757
6,8a10c228b92ffff,15860.5,398,56.88788506714965,60.60980337199665,Екатеринбург,,,,,2.0,,,,,,,,,2.0,3.0,,1.0,,,2.0,,,56.88788506714965,60.60980337199665
7,8a10c228b96ffff,5670.666666666666,120,56.88984636229223,60.61479744440498,Екатеринбург,,,,,1.0,,,,,,,,,2.0,,,,,,2.0,,,56.88984636229223,60.61479744440498
8,8a10c229802ffff,12817.5,154,56.83014718538072,60.56080082208205,Екатеринбург,,,,2.0,1.0,1.0,,,,,2.0,2.0,4.0,1.0,,,,,,2.0,1.0,,56.83014718538072,60.56080082208205
9,8a10c2298627fff,1061.3333333333333,514,56.82384130953801,60.570162276975374,Екатеринбург,1.0,2.0,,,,,,,,,,,,,,,1.0,,,,,,56.82384130953801,60.570162276975374
10,8a10c2298787fff,11030.055555555557,716,56.82103019217409,60.56683179594664,Екатеринбург,,,,2.0,7.0,,,,,,,,,1.0,1.0,,,,1.0,,,,56.82103019217409,60.56683179594664
11,8a10c2298d4ffff,56.55,1023,56.82998168561973,60.54643100964279,Екатеринбург,,,,,,,,,,,,,,,1.0,,,,,,,,56.82998168561973,60.54643100964279
12,8a10c22990d7fff,548.6666666666666,163,56.84012373535384,60.60010281453334,Екатеринбург,,,,,1.0,,,,,,,,,,,,,1.0,,,1.0,,56.84012373535384,60.60010281453334
13,8a10c229a607fff,2478.5,418,56.79998213416928,60.5755567795245,Екатеринбург,,,,,,,,,,,,,1.0,2.0,1.0,,,,,4.0,1.0,,56.79998213416928,60.5755567795245
14,8a10c229b837fff,1132.0,225,56.8252235535658,60.585090600787694,Екатеринбург,,,2.0,2.0,,,,,,,,,2.0,,,,,,,,,,56.8252235535658,60.5850906007877
15,8a10c229bc1ffff,10876.333333333332,394,56.81620988315114,60.58503890460729,Екатеринбург,,,,2.0,1.0,2.0,,13.0,,,1.0,,,3.0,,,,,,,,,56.81620988315114,60.58503890460729
16,8a10c229bc1ffff,76.96666666666667,394,56.81620988315114,60.58503890460729,Екатеринбург,,,,2.0,1.0,2.0,,13.0,,,1.0,,,3.0,,,,,,,,,56.81620988315114,60.58503890460729
17,8a10c229d077fff,7527.0,931,56.85352517430327,60.55926275281498,Екатеринбург,,,,2.0,,,,,,,,,2.0,,,,,,,,,,56.85352517430327,60.55926275281498
18,8a10c229d96ffff,1924.1666666666667,653,56.862370190416335,60.54492829993957,Екатеринбург,,,,2.0,,,,,1.0,,1.0,,1.0,,2.0,1.0,,,,,,,56.862370190416335,60.54492829993957
19,8a10c2669daffff,76.76666666666668,331,56.77955625638945,60.54784389147375,Екатеринбург,1.0,,,2.0,,1.0,3.0,4.0,,,1.0,1.0,3.0,,1.0,1.0,2.0,,,4.0,1.0,1.0,56.77955625638945,60.54784389147375
20,8a10c266dc47fff,9539.5,1080,56.79152477807168,60.518639477199024,Екатеринбург,1.0,,,2.0,,,,,,2.0,,,,2.0,1.0,,,,1.0,2.0,,,56.79152477807168,60.518639477199024
21,8a10c266dc4ffff,46.23333333333333,1126,56.79189744775132,60.52084946304159,Екатеринбург,,,,2.0,3.0,,,1.0,,,,,2.0,1.0,,,2.0,,,,,,56.79189744775132,60.52084946304159
22,8a10c266dca7fff,58.016666666666666,782,56.787119243965456,60.51254867683697,Екатеринбург,,,,,1.0,1.0,,,,,,,,,,,,,,,1.0,,56.787119243965456,60.51254867683697
23,8a10dc91091ffff,12485.166666666668,57,56.752150888748425,60.7066145937184,Екатеринбург,,,,,,,,,,,,,2.0,,,,,,,,,,56.752150888748425,60.7066145937184
24,8a10dc924347fff,85.06666666666666,674,56.862280159555226,60.64504489288876,Екатеринбург,,,2.0,2.0,,,,3.0,,,,,2.0,,,,,,,,,,56.862280159555226,60.64504489288876
25,8a10dc924777fff,10941.833333333336,439,56.85337534296038,60.63889724916359,Екатеринбург,,,4.0,2.0,,,,,,,1.0,,,,,,,,1.0,,,,56.85337534296038,60.63889724916359
26,8a10dc924aa7fff,79.23333333333333,103,56.86249453571893,60.63287604181705,Екатеринбург,,,,6.0,,6.0,,,,2.0,,1.0,2.0,2.0,,,1.0,,,2.0,,,56.86249453571894,60.63287604181705
27,8a10dc924d27fff,2168.6666666666665,258,56.85597533461981,60.60738926136166,Екатеринбург,,,,,,2.0,,,,2.0,1.0,,,,,,1.0,,,,,,56.85597533461981,60.60738926136166
28,8a10dc92691ffff,83.78333333333333,199,56.83980594811706,60.61834528277256,Екатеринбург,,,,2.0,1.0,,,,1.0,,,,,,2.0,,,,1.0,,,,56.83980594811706,60.61834528277256
29,8a10dc926a07fff,6761.562500000001,230,56.8419241012056,60.63771114517112,Екатеринбург,,,,,3.0,3.0,2.0,4.0,,2.0,,,,1.0,1.0,,,,,4.0,,,56.8419241012056,60.63771114517112
30,8a10dc926a5ffff,76.6,485,56.84303592727723,60.64435429210312,Екатеринбург,,,,2.0,3.0,1.0,2.0,,5.0,,,,1.0,,,,1.0,,,,1.0,,56.84303592727723,60.64435429210312
31,8a10dc926c5ffff,5123.833333333333,451,56.83190554891894,60.62492707389646,Екатеринбург,,1.0,,,2.0,,,3.0,2.0,,,,2.0,1.0,,,,,,,1.0,3.0,56.83190554891894,60.62492707389646
32,8a10dc93092ffff,177.0,998,56.79584753875266,60.62468658163233,Екатеринбург,,,,,,,,,,,,2.0,,,,,,,,,,,56.79584753875266,60.62468658163233
33,8a10dc934327fff,12934.333333333332,1766,56.80141725143478,60.61091434608091,Екатеринбург,,,,,2.0,,1.0,,,,4.0,,,,3.0,,1.0,,,3.0,,1.0,56.80141725143478,60.61091434608092
34,8a10dc934677fff,8032.5,710,56.79229537908959,60.61693127520506,Екатеринбург,,,,2.0,1.0,,3.0,6.0,,,,,2.0,1.0,,,4.0,,,2.0,,,56.79229537908959,60.61693127520505
35,8a10dc934ad7fff,11228.833333333334,156,56.8026369049925,60.61147445957969,Екатеринбург,,,2.0,2.0,,,,,,,,,,1.0,1.0,,,,1.0,4.0,,,56.8026369049925,60.61147445957969
36,8a10dc934d07fff,17944.333333333332,998,56.79536988557561,60.5816060032201,Екатеринбург,,,,,,,2.0,5.0,,2.0,,1.0,,1.0,1.0,,1.0,,,2.0,,,56.79536988557561,60.5816060032201
37,8a10dc936a37fff,87.81666666666666,447,56.7817952015172,60.608029466718726,Екатеринбург,,,,4.0,1.0,2.0,,,,,,1.0,2.0,3.0,1.0,,,,,,1.0,,56.7817952015172,60.608029466718726
38,8a10160884a7fff,5644.666666666666,10,56.32013563232815,43.947154568306416,Нижний Новгород,,,,4.0,1.0,3.0,2.0,90.0,,7.0,,,2.0,7.0,3.0,,1.0,,,,,,56.32013563232815,43.94715456830641
39,8a10160884a7fff,79.16666666666666,10,56.32013563232815,43.947154568306416,Нижний Новгород,,,,4.0,1.0,3.0,2.0,90.0,,7.0,,,2.0,7.0,3.0,,1.0,,,,,,56.32013563232815,43.94715456830641
40,8a101608859ffff,7314.833333333333,113,56.31951246038056,43.94531924458674,Нижний Новгород,,,,2.0,4.0,1.0,,2.0,,3.0,,,,6.0,3.0,,1.0,,1.0,4.0,1.0,,56.31951246038056,43.94531924458675
41,8a101608878ffff,5609.5,427,56.325090584401295,43.958219278517085,Нижний Новгород,,,,,,,,9.0,,,1.0,,,,,,1.0,5.0,,,,,56.325090584401295,43.958219278517085
42,8a101608a82ffff,434.16666666666674,12,56.31527019789894,43.94695135367285,Нижний Новгород,,5.0,,,,,,,,,,,,,,,,,,,,,56.31527019789894,43.94695135367285
43,8a101608c327fff,5557.833333333333,847,56.34053668341253,43.91542682542008,Нижний Новгород,2.0,,1.0,2.0,1.0,3.0,3.0,,2.0,1.0,,1.0,2.0,5.0,5.0,,5.0,,3.0,2.0,,,56.34053668341253,43.91542682542008
44,8a101608dc9ffff,9339.666666666666,173,56.34427811487386,43.92644063724479,Нижний Новгород,,,,,2.0,,,,,1.0,,,,3.0,,1.0,,,1.0,3.0,2.0,,56.34427811487386,43.92644063724479
45,8a101608ead7fff,3927.0,269,56.320577317806126,43.927271535939454,Нижний Новгород,,,,,,,,5.0,,1.0,,,,,,,,,1.0,,,,56.320577317806126,43.927271535939454
46,8a1016092b1ffff,9932.833333333332,259,56.22822996958661,43.86391305588676,Нижний Новгород,,,,2.0,1.0,,,,,2.0,,,,3.0,1.0,,,,1.0,3.0,1.0,,56.22822996958661,43.86391305588676
47,8a101609c257fff,577.9166666666666,897,56.28103030749701,43.92383294544179,Нижний Новгород,2.0,,,2.0,2.0,,,4.0,,1.0,,,2.0,3.0,1.0,4.0,,,,,1.0,,56.28103030749701,43.92383294544179
48,8a10160a859ffff,60.35,955,56.34853636361475,43.85784135981267,Нижний Новгород,,,,2.0,,,,,,,,,2.0,,,,,,,,,,56.34853636361476,43.857841359812674
49,8a10160aab07fff,11839.61111111111,586,56.34801034486163,43.86686787811729,Нижний Новгород,,,,2.0,,,,,,3.0,,,3.0,1.0,,2.0,,,1.0,,,,56.34801034486163,43.86686787811729
50,8a10160ac077fff,8881.666666666668,274,56.365846914075625,43.82413813726316,Нижний Новгород,,,,2.0,,,,7.0,,1.0,,1.0,,2.0,2.0,,,,,4.0,,,56.365846914075625,43.82413813726317
51,8a101646992ffff,2669.4,524,56.23503510531749,43.95083023215324,Нижний Новгород,,,,,4.0,4.0,,21.0,,3.0,1.0,,,11.0,5.0,,1.0,,,4.0,1.0,,56.23503510531749,43.95083023215324
52,8a101646d61ffff,12911.0,859,56.2282994450599,43.94513288397603,Нижний Новгород,2.0,,,,1.0,,,,,,1.0,,1.0,3.0,1.0,,,,1.0,3.0,1.0,2.0,56.2282994450599,43.94513288397603
53,8a1016720477fff,10703.333333333334,288,56.29530091352826,44.03655841154642,Нижний Новгород,,,,4.0,,2.0,,,,3.0,,2.0,,,2.0,,,,,,1.0,,56.29530091352826,44.03655841154642
54,8a1016724ab7fff,2332.0,89,56.31081260805097,43.99742397319264,Нижний Новгород,,,,2.0,3.0,,1.0,1.0,,,,1.0,2.0,2.0,,,,,1.0,,,,56.31081260805097,43.99742397319263
55,8a1016724b1ffff,9767.388888888889,860,56.3144338090591,43.99396023527688,Нижний Новгород,,,1.0,2.0,,,,,,,,,,1.0,,1.0,,,,,2.0,,56.3144338090591,43.99396023527688
56,8a1016725057fff,107.76666666666668,171,56.324419581904,44.02697443756608,Нижний Новгород,,,,,1.0,,,,,,,,,,,,,,,3.0,,,56.324419581904,44.02697443756608
57,8a1016725577fff,5402.7266666666665,106,56.31706432990288,44.019412366236416,Нижний Новгород,,,1.0,8.0,,,3.0,64.0,,2.0,,,1.0,1.0,6.0,,,4.0,,,2.0,,56.31706432990288,44.019412366236416
58,8a10167258f7fff,12254.416666666664,192,56.32614681290509,44.0143763207477,Нижний Новгород,,,,2.0,2.0,,,,,,,,,,,,,,,,,,56.32614681290509,44.0143763207477
59,8a0bb020416ffff,9287.533333333333,210,54.93919534662333,83.12322290238554,Новосибирск,,,1.0,4.0,,1.0,,3.0,,2.0,1.0,3.0,6.0,3.0,4.0,,1.0,,2.0,,,,54.93919534662333,83.12322290238554
60,8a0bb02361a7fff,7372.300000000001,460,54.86407696832543,83.10144386690715,Новосибирск,,,,4.0,,1.0,,,,,2.0,1.0,,1.0,2.0,,,,,3.0,1.0,,54.86407696832543,83.10144386690715
61,8a0bb0236867fff,1073.8333333333333,298,54.870841726219545,83.08834400021773,Новосибирск,,,,2.0,,,,1.0,2.0,2.0,6.0,,5.0,2.0,1.0,,1.0,,,2.0,1.0,,54.870841726219545,83.08834400021773
62,8a0bb02368f7fff,12056.333333333334,720,54.86747644119757,83.0937965064601,Новосибирск,,,,,,2.0,,7.0,,,,1.0,,2.0,3.0,,1.0,,,4.0,1.0,,54.86747644119757,83.0937965064601
63,8a0bb030c54ffff,13597.5,825,54.93460069006783,82.9174578870381,Новосибирск,,,1.0,2.0,,,,,,3.0,,,4.0,2.0,,,,,,4.0,,,54.93460069006783,82.91745788703811
64,8a0bb031e997fff,12464.166666666668,546,54.86477536532478,82.98174050544802,Новосибирск,,,,2.0,,2.0,,,,2.0,,,2.0,2.0,1.0,,,,,3.0,1.0,,54.86477536532478,82.98174050544802
65,8a0bb032a2effff,6693.133333333333,1100,54.94159008786893,82.88669508742332,Новосибирск,,,3.0,2.0,,,,,,,,,2.0,1.0,,,,,,3.0,1.0,,54.94159008786895,82.88669508742332
66,8a0bb0340537fff,15070.083333333334,140,55.04341826496107,82.95358583320206,Новосибирск,,,1.0,2.0,2.0,3.0,,7.0,,9.0,4.0,2.0,,6.0,4.0,,2.0,,1.0,2.0,,,55.04341826496107,82.95358583320204
67,8a0bb0340537fff,125.66666666666669,140,55.04341826496107,82.95358583320206,Новосибирск,,,1.0,2.0,2.0,3.0,,7.0,,9.0,4.0,2.0,,6.0,4.0,,2.0,,1.0,2.0,,,55.04341826496107,82.95358583320204
68,8a0bb03406effff,7916.833333333334,358,55.05516702986813,82.97243951205152,Новосибирск,,,,2.0,,1.0,,,,1.0,,1.0,,1.0,2.0,,,,,2.0,,,55.05516702986813,82.97243951205152
69,8a0bb0342107fff,8709.5,420,55.03650878873579,82.97778727450014,Новосибирск,1.0,,1.0,2.0,2.0,1.0,,2.0,,6.0,6.0,2.0,3.0,4.0,4.0,,3.0,,,,,,55.03650878873577,82.97778727450013
70,8a0bb0342107fff,119.33333333333331,420,55.03650878873579,82.97778727450014,Новосибирск,1.0,,1.0,2.0,2.0,1.0,,2.0,,6.0,6.0,2.0,3.0,4.0,4.0,,3.0,,,,,,55.03650878873577,82.97778727450013
71,8a0bb034212ffff,6453.5,208,55.03761775639344,82.9766945412183,Новосибирск,,,1.0,2.0,3.0,7.0,,2.0,3.0,1.0,1.0,1.0,2.0,1.0,,1.0,1.0,,1.0,,,,55.03761775639344,82.9766945412183
72,8a0bb034289ffff,8479.005555555554,242,55.03546424203499,82.97446987876636,Новосибирск,,,,,3.0,,,,,,,1.0,,2.0,1.0,,,2.0,,5.0,,,55.03546424203499,82.97446987876636
73,8a0bb0344467fff,15651.5,778,55.04170533913442,82.92048323020038,Новосибирск,,,,7.0,2.0,,,,,,,,1.0,2.0,1.0,,1.0,,1.0,,,,55.04170533913442,82.92048323020038
74,8a0bb03444c7fff,1301.3333333333337,387,55.0394256687946,82.92708315681517,Новосибирск,,,,,,,2.0,,2.0,,,,,2.0,4.0,,,,,2.0,,,55.0394256687946,82.92708315681517
75,8a0bb0344797fff,17056.0,845,55.04158013363806,82.92930602812079,Новосибирск,,,,6.0,2.0,,,3.0,,,4.0,,,2.0,2.0,,,1.0,1.0,5.0,,,55.04158013363806,82.92930602812079
76,8a0bb0344b5ffff,49.33333333333333,1810,55.05614610655966,82.90404422682329,Новосибирск,,,,,,,3.0,,,3.0,,,,1.0,2.0,,,,2.0,4.0,,,55.05614610655966,82.90404422682329
77,8a0bb03457affff,3071.833333333333,360,55.0666364981199,82.93502236627945,Новосибирск,,,,4.0,,3.0,3.0,5.0,,5.0,1.0,1.0,,5.0,1.0,,1.0,,,4.0,,1.0,55.0666364981199,82.93502236627945
78,8a0bb03457affff,97.66666666666666,360,55.0666364981199,82.93502236627945,Новосибирск,,,,4.0,,3.0,3.0,5.0,,5.0,1.0,1.0,,5.0,1.0,,1.0,,,4.0,,1.0,55.0666364981199,82.93502236627945
79,8a0bb0345c17fff,13749.861111111111,672,55.06036209925557,82.91511004674526,Новосибирск,,,,8.0,6.0,3.0,,18.0,,1.0,1.0,2.0,2.0,4.0,1.0,,,,,6.0,,,55.06036209925557,82.91511004674526
80,8a0bb03468cffff,1326.0,913,55.032742468355686,82.93585244954397,Новосибирск,,,,,,,,1.0,,2.0,3.0,,,,,2.0,,,3.0,,,,55.032742468355686,82.93585244954397
81,8a0bb0346cb7fff,1915.6666666666667,10,55.01956376328439,82.94015579307612,Новосибирск,,,,,,,,,,,,,2.0,,,,,,,,,,55.01956376328439,82.94015579307612
82,8a0bb034c0e7fff,1670.5,340,55.099980995148464,82.97173387356983,Новосибирск,,,,,,,,,,3.0,,1.0,2.0,1.0,2.0,,,,,2.0,,,55.099980995148464,82.97173387356983
83,8a0bb034c10ffff,7012.0,20,55.09900134337826,82.96399534786414,Новосибирск,,,,,,,,2.0,,2.0,,3.0,3.0,1.0,,,,,,2.0,,,55.09900134337826,82.96399534786414
84,8a0bb03502b7fff,5312.125,399,55.0031354712458,83.01715207476987,Новосибирск,,,,,,,,1.0,,,6.0,,,,,,1.0,,,,,,55.0031354712458,83.01715207476987
85,8a0bb035066ffff,7108.666666666666,1228,55.00306968905672,83.02155836609093,Новосибирск,,,,8.0,1.0,2.0,4.0,13.0,1.0,8.0,,1.0,2.0,4.0,3.0,,2.0,,2.0,5.0,,,55.00306968905673,83.02155836609093
86,8a0bb035066ffff,95.5,1228,55.00306968905672,83.02155836609093,Новосибирск,,,,8.0,1.0,2.0,4.0,13.0,1.0,8.0,,1.0,2.0,4.0,3.0,,2.0,,2.0,5.0,,,55.00306968905673,83.02155836609093
87,8a0bb03512affff,1269.4583333333333,600,55.028156844264,83.02511566839596,Новосибирск,,,,,,,,,,,,,,2.0,,,,,,2.0,,,55.028156844264,83.02511566839596
88,8a0bb0351357fff,94.66666666666666,518,55.03044152852642,83.01852422898202,Новосибирск,,1.0,1.0,2.0,,3.0,3.0,6.0,,1.0,1.0,1.0,3.0,1.0,2.0,,3.0,,,2.0,1.0,,55.03044152852642,83.018524228982
89,8a0bb036989ffff,11786.333333333332,545,55.12835474712978,82.89794515462992,Новосибирск,,,1.0,,,,,,,3.0,1.0,1.0,1.0,1.0,3.0,1.0,,,,,1.0,,55.12835474712978,82.89794515462992
90,8a0bb03704affff,11064.166666666668,200,54.99157946028999,82.9090790622337,Новосибирск,,,,,6.0,,,11.0,1.0,1.0,2.0,,6.0,1.0,,,1.0,,,,,,54.99157946028999,82.9090790622337
91,8a0bb0370587fff,98.0,400,54.98945465853655,82.90465626590009,Новосибирск,,,,7.0,3.0,8.0,2.0,36.0,,4.0,8.0,2.0,7.0,2.0,3.0,1.0,,,,3.0,,,54.98945465853655,82.9046562659001
92,8a0bb03705affff,9726.166666666668,713,54.99056328124987,82.90356264534516,Новосибирск,,,2.0,8.0,,1.0,4.0,9.0,5.0,3.0,,1.0,5.0,1.0,1.0,,,,,2.0,1.0,,54.99056328124987,82.90356264534515
93,8a0bb03712f7fff,6222.270833333332,178,55.030807030419375,82.91819367624203,Новосибирск,,,,,4.0,2.0,,7.0,,,,,,1.0,1.0,,1.0,,,,1.0,,55.030807030419375,82.91819367624203
94,8a0bb037138ffff,16618.5,182,55.02868325876545,82.91376667902712,Новосибирск,,,,4.0,2.0,,1.0,4.0,,,,1.0,2.0,,,,,2.0,,,1.0,,55.02868325876545,82.91376667902712
95,8a0bb0371aeffff,11830.444444444443,554,55.03321009875058,82.9027727971148,Новосибирск,,,1.0,,6.0,,,,,,,,,2.0,2.0,,1.0,,2.0,,,,55.03321009875058,82.9027727971148
96,8a0bb037334ffff,8226.833333333334,630,55.01845499046927,82.94124910347571,Новосибирск,,,,2.0,,,,6.0,,3.0,,,,2.0,1.0,,1.0,,,,,,55.01845499046927,82.94124910347571
97,8a0bb0373627fff,390.25,606,55.00739823507716,82.9499752119746,Новосибирск,,,,,,,,,,,,,,2.0,,,,,,3.0,,,55.00739823507716,82.9499752119746
98,8a0bb037364ffff,7761.5,120,55.01170702635709,82.95441989135111,Новосибирск,,,,,,,,,,,,1.0,,,,,,,,,,,55.01170702635709,82.95441989135112
99,8a0bb0373a2ffff,2081.5,672,55.016457364341925,82.92800491083668,Новосибирск,,,,,,,,,,,,1.0,,4.0,,4.0,1.0,,,3.0,1.0,,55.016457364341925,82.92800491083668
100,8a0bb0374697fff,729.1666666666666,145,54.98979088279352,82.88041933875604,Новосибирск,,,,,,,,,,,,,,,,,,,1.0,,,,54.98979088279352,82.88041933875604
101,8a0bb037606ffff,4063.0,925,54.982000952922775,82.8902808558662,Новосибирск,,,2.0,6.0,2.0,,,,,,,1.0,1.0,,1.0,1.0,1.0,,,2.0,,,54.982000952922775,82.8902808558662
102,8a0bb037606ffff,108.33333333333334,925,54.982000952922775,82.8902808558662,Новосибирск,,,2.0,6.0,2.0,,,,,,,1.0,1.0,,1.0,1.0,1.0,,,2.0,,,54.982000952922775,82.8902808558662
103,8a0bb037694ffff,8878.5,555,54.98116546249646,82.87154754935035,Новосибирск,2.0,,,4.0,3.0,,,,,1.0,1.0,,4.0,2.0,1.0,,,,1.0,,,,54.98116546249646,82.87154754935035
104,8a0bb037694ffff,98.0,555,54.98116546249646,82.87154754935035,Новосибирск,2.0,,,4.0,3.0,,,,,1.0,1.0,,4.0,2.0,1.0,,,,1.0,,,,54.98116546249646,82.87154754935035
105,8a0bb0376a5ffff,11048.583333333334,725,54.98862162068112,82.88592032352554,Новосибирск,1.0,,,,2.0,,,,,3.0,,1.0,2.0,,1.0,,,,,,,,54.98862162068112,82.88592032352554
106,8a0bb03abccffff,7449.700000000001,115,54.839006747650416,83.0956631251106,Новосибирск,,,,,4.0,,,14.0,2.0,2.0,,1.0,,3.0,4.0,,3.0,2.0,1.0,,2.0,,54.839006747650416,83.0956631251106
107,8a0bb03abccffff,6118.000000000001,115,54.839006747650416,83.0956631251106,Новосибирск,,,,,4.0,,,14.0,2.0,2.0,,1.0,,3.0,4.0,,3.0,2.0,1.0,,2.0,,54.839006747650416,83.0956631251106
108,8a0bb03ad787fff,7463.833333333334,298,54.84966694802418,83.04199341647663,Новосибирск,,,,2.0,,,,1.0,,2.0,1.0,,,1.0,2.0,,1.0,,,2.0,1.0,,54.84966694802417,83.04199341647663
109,8a0bb0ada6dffff,261.3333333333333,983,54.98700621263899,82.84404051205784,Новосибирск,,,,2.0,1.0,,,4.0,,5.0,2.0,1.0,2.0,2.0,3.0,,3.0,,1.0,3.0,,,54.98700621263899,82.84404051205784
110,8a0bb0ada857fff,1672.5,662,54.9885839961381,82.80768523120912,Новосибирск,,,,2.0,2.0,,,2.0,,3.0,1.0,2.0,2.0,4.0,,,1.0,,,4.0,,,54.9885839961381,82.80768523120912
111,8a1106008a2ffff,10997.055555555555,1410,59.83504516644076,30.382739912963785,Санкт-Петербург,,,1.0,,,,,,,,1.0,,2.0,,,,1.0,,1.0,,1.0,,59.83504516644076,30.382739912963785
112,8a110600dd87fff,23.33333333333333,537,59.83598547639879,30.35347563183005,Санкт-Петербург,,,1.0,,,2.0,,,,,,1.0,,,,,,,,,,,59.83598547639879,30.353475631830044
113,8a1106029af7fff,7952.5,1520,59.868573232150375,30.31215611006219,Санкт-Петербург,,,,,,1.0,,,,,,,4.0,,,,,,,3.0,,,59.868573232150375,30.31215611006219
114,8a110602c12ffff,7202.333333333334,582,59.8429139718628,30.248088985446685,Санкт-Петербург,,,,,1.0,3.0,,4.0,,1.0,,2.0,,5.0,5.0,,1.0,,,,,,59.842913971862814,30.248088985446667
115,8a110602c177fff,7569.416666666668,540,59.84369542488443,30.24964357055791,Санкт-Петербург,,,,,3.0,,,,,,,,,,,,,,1.0,,,,59.843695424884416,30.24964357055793
116,8a110602c24ffff,15638.77777777778,295,59.85083598484589,30.26903286280581,Санкт-Петербург,,,1.0,4.0,5.0,4.0,,8.0,3.0,2.0,1.0,,3.0,4.0,1.0,,,,1.0,,1.0,,59.8508359848459,30.2690328628058
117,8a110602c997fff,69.33333333333333,482,59.84046086108,30.238034724747035,Санкт-Петербург,,,,6.0,,,,,,2.0,,,2.0,4.0,1.0,2.0,1.0,,1.0,2.0,1.0,,59.84046086108002,30.23803472474705
118,8a1106043987fff,12241.0,612,59.91956568721631,30.466187158876263,Санкт-Петербург,,,,2.0,,,,9.0,,,,,,3.0,1.0,,2.0,,,,1.0,,59.91956568721631,30.466187158876263
119,8a1106043987fff,158.33333333333331,612,59.91956568721631,30.466187158876263,Санкт-Петербург,,,,2.0,,,,9.0,,,,,,3.0,1.0,,2.0,,,,1.0,,59.91956568721631,30.466187158876263
120,8a1106043c6ffff,583.1666666666666,1365,59.91820841149869,30.47388513984481,Санкт-Петербург,,,,,5.0,,,,,,,,,1.0,,,,,1.0,,,,59.91820841149869,30.47388513984481
121,8a1106045db7fff,15518.0,329,59.92827076556137,30.410735452134496,Санкт-Петербург,,,,2.0,5.0,,,,1.0,,,,2.0,3.0,,,,,,,1.0,,59.92827076556137,30.41073545213449
122,8a110604c457fff,8024.0,1165,59.95039314228214,30.48901394148614,Санкт-Петербург,,,,,,,,,,,,,2.0,1.0,,1.0,,,,,,,59.95039314228214,30.48901394148614
123,8a110604c457fff,71.83333333333333,1165,59.95039314228214,30.48901394148614,Санкт-Петербург,,,,,,,,,,,,,2.0,1.0,,1.0,,,,,,,59.95039314228214,30.48901394148614
124,8a110604cc1ffff,100.83333333333331,1010,59.950868335633295,30.47432052393741,Санкт-Петербург,,,,2.0,,,,12.0,,2.0,,,,,,,5.0,,,2.0,,,59.950868335633295,30.47432052393741
125,8a1106050167fff,196.0,1308,59.867231412192766,30.457550082544696,Санкт-Петербург,,,,,,1.0,,,,,,1.0,,,,1.0,1.0,,1.0,,,,59.867231412192766,30.45755008254469
126,8a110605c90ffff,15662.388888888885,941,59.904876746606696,30.483598311969008,Санкт-Петербург,,,,2.0,1.0,4.0,,,,,,,,2.0,1.0,,1.0,,,2.0,,,59.904876746606696,30.483598311969
127,8a110606026ffff,1070.0,314,59.94498850961982,30.36357576929437,Санкт-Петербург,,,,,,,,,4.0,,,,3.0,1.0,,,,,3.0,2.0,1.0,,59.94498850961982,30.36357576929437
128,8a110606035ffff,91.5,422,59.943426614387015,30.36044949283693,Санкт-Петербург,,,2.0,6.0,,,,1.0,4.0,,,,,1.0,,,,3.0,,,,,59.943426614387015,30.360449492836928
129,8a1106060457fff,2955.5,367,59.92945725739735,30.35589356657185,Санкт-Петербург,,,,,,,,3.0,,2.0,1.0,,,,,,,,2.0,,,,59.92945725739735,30.35589356657185
130,8a110606046ffff,6271.666666666666,51,59.93169386593014,30.355169681661003,Санкт-Петербург,,,,2.0,,2.0,,,2.0,,1.0,,,,1.0,,1.0,10.0,,6.0,2.0,,59.93169386593014,30.355169681661
131,8a110606048ffff,8254.166666666668,237,59.9261022758897,30.356979230764782,Санкт-Петербург,,,,,,,,2.0,3.0,,2.0,,,1.0,,,,,1.0,3.0,,,59.9261022758897,30.35697923076479
132,8a110606052ffff,17181.166666666668,136,59.92890723995228,30.346996985477315,Санкт-Петербург,,,,4.0,1.0,3.0,,26.0,4.0,3.0,6.0,,3.0,1.0,2.0,,,,1.0,3.0,,,59.92890723995228,30.346996985477315
133,8a110606052ffff,88.66666666666667,136,59.92890723995228,30.346996985477315,Санкт-Петербург,,,,4.0,1.0,3.0,,26.0,4.0,3.0,6.0,,3.0,1.0,2.0,,,,1.0,3.0,,,59.92890723995228,30.346996985477315
134,8a1106060637fff,76.5,12,59.93258092396817,30.362143348367542,Санкт-Петербург,,,,2.0,3.0,1.0,,3.0,,,,,2.0,1.0,1.0,,,1.0,1.0,,,,59.93258092396814,30.36214334836756
135,8a110606068ffff,1260.3333333333333,118,59.93156842841782,30.36791654206202,Санкт-Петербург,,,2.0,2.0,1.0,1.0,3.0,5.0,4.0,2.0,,,1.0,,,1.0,,,,,,,59.93156842841782,30.36791654206202
136,8a1106060717fff,17026.0,101,59.93213743432501,30.358656416277213,Санкт-Петербург,,,1.0,2.0,2.0,4.0,1.0,20.0,1.0,3.0,,,,1.0,1.0,,1.0,,,,1.0,,59.93213743432501,30.358656416277213
137,8a11060609b7fff,92.0,51,59.9346214238844,30.332440492520583,Санкт-Петербург,,,,,,,3.0,3.0,,1.0,,,,,,,,,,,,,59.9346214238844,30.332440492520583
138,8a1106061947fff,10815.388888888889,78,59.95941854835687,30.353454477703607,Санкт-Петербург,,,,,1.0,2.0,,,,,,,,,,,,,,,,,59.95941854835687,30.35345447770362
139,8a1106061cb7fff,14971.27777777778,112,59.94566313528694,30.35972558033096,Санкт-Петербург,,,,,,1.0,,,,,1.0,,,1.0,,,,,,,,,59.94566313528693,30.359725580330952
140,8a11060622effff,10330.0,84,59.924392736603394,30.38475594344837,Санкт-Петербург,,,,2.0,1.0,2.0,,,3.0,,,,,1.0,,,,,,,,,59.924392736603394,30.384755943448376
141,8a110606306ffff,2417.833333333333,287,59.94026228654667,30.3905267127519,Санкт-Петербург,,,,2.0,,,,,,,,2.0,,,,,,,,,,,59.94026228654667,30.390526712751896
142,8a110606438ffff,6175.6111111111095,88,59.93854175573496,30.322093137006554,Санкт-Петербург,,,,,2.0,,,5.0,1.0,,,,,,,,1.0,4.0,,,1.0,,59.93854175573496,30.322093137006554
143,8a110606441ffff,92.16666666666669,138,59.92680941958948,30.316828636757155,Санкт-Петербург,,,,4.0,,2.0,,,,,1.0,,,1.0,,,,3.0,,,,,59.92680941958946,30.316828636757155
144,8a1106064457fff,1099.0,708,59.92870869032944,30.318026434001528,Санкт-Петербург,,,2.0,,,,,3.0,,,1.0,,3.0,1.0,1.0,1.0,2.0,,,,,,59.92870869032944,30.31802643400152
145,8a1106064487fff,655.1666666666666,349,59.92457335351849,30.317554600101428,Санкт-Петербург,,,1.0,2.0,5.0,2.0,,,3.0,1.0,,,2.0,1.0,1.0,1.0,,,1.0,,1.0,,59.92457335351849,30.317554600101428
146,8a11060644e7fff,579.3333333333334,186,59.927590663287695,30.31838941209533,Санкт-Петербург,,,,4.0,3.0,,,,,,,,,5.0,1.0,,1.0,3.0,1.0,,2.0,,59.927590663287695,30.31838941209535
147,8a110606464ffff,1257.6666666666663,147,59.93607643565225,30.33015349979977,Санкт-Петербург,,,,,,,,,1.0,,2.0,,3.0,,,,1.0,1.0,,,,,59.93607643565225,30.33015349979977
148,8a1106064757fff,559.0,58,59.93406968859815,30.32354486101979,Санкт-Петербург,,,1.0,,2.0,,4.0,,1.0,,,,2.0,,,,,4.0,,,,,59.93406968859815,30.32354486101979
149,8a1106065877fff,92.83333333333334,406,59.95799129401021,30.31940697374321,Санкт-Петербург,,,,4.0,,,,3.0,1.0,,,,,1.0,,,,1.0,,2.0,,,59.95799129401021,30.31940697374321
150,8a110606592ffff,0.0,292,59.95710143354973,30.312432051335687,Санкт-Петербург,,,,,,1.0,,,1.0,,,,,,,,,,,,1.0,,59.95710143354973,30.312432051335687
151,8a1106066307fff,9489.833333333332,201,59.92232175440671,30.33642821707507,Санкт-Петербург,,,,2.0,4.0,1.0,,,3.0,,2.0,,2.0,1.0,,,,,1.0,,,,59.922321754406696,30.33642821707507
152,8a110606680ffff,3315.333333333334,187,59.92010111143296,30.31900626508912,Санкт-Петербург,,,,2.0,,,,,,2.0,1.0,,4.0,,,,,,2.0,,,,59.92010111143296,30.31900626508912
153,8a1106066d6ffff,98.0,108,59.915184457079576,30.316974160735747,Санкт-Петербург,,,,2.0,1.0,,,,,4.0,,,,1.0,1.0,,,,1.0,2.0,,,59.915184457079576,30.316974160735747
154,8a1106068937fff,8294.133333333333,108,59.97546096923325,30.40642168472668,Санкт-Петербург,,,,2.0,,2.0,,,1.0,,,,,2.0,1.0,,,,1.0,2.0,,,59.97546096923323,30.4064216847267
155,8a110606c32ffff,7915.5,450,59.97972342586956,30.39413642988077,Санкт-Петербург,,,1.0,4.0,,,,,,,,,2.0,1.0,1.0,1.0,,3.0,,2.0,1.0,,59.97972342586956,30.394136429880785
156,8a110606cc97fff,44706.0,29,59.9640866750432,30.38101367378733,Санкт-Петербург,,,,,,,,,,,,,,1.0,,,,,,,,,59.964086675043184,30.381013673787344
157,8a110606ea37fff,560.6666666666666,283,59.9622719532014,30.40340690281435,Санкт-Петербург,,,,,,,,,1.0,,,,,,,,,,,,,,59.9622719532014,30.40340690281435
158,8a1106072087fff,3.333333333333333,223,59.8603110315271,30.38909385803853,Санкт-Петербург,,,,2.0,1.0,,,,,,,1.0,2.0,4.0,4.0,1.0,,,1.0,4.0,1.0,,59.8603110315271,30.389093858038528
159,8a1106072a27fff,5669.849999999999,554,59.87105814785572,30.382008132059774,Санкт-Петербург,,,,4.0,2.0,3.0,,2.0,1.0,8.0,,1.0,1.0,3.0,2.0,2.0,3.0,,1.0,5.0,1.0,,59.871058147855706,30.382008132059784
160,8a1106072db7fff,89.83333333333333,881,59.8539641551472,30.37121346895388,Санкт-Петербург,,,,4.0,,2.0,,,,,,,,,,,,,,3.0,,,59.8539641551472,30.371213468953883
161,8a1106076437fff,10916.333333333332,1117,59.853547448427925,30.34961633475809,Санкт-Петербург,,,,,,,,11.0,,1.0,1.0,,,,1.0,,1.0,,,,1.0,1.0,59.853547448427925,30.34961633475808
162,8a11060e132ffff,3554.833333333333,1922,59.83467432556857,30.504191896094227,Санкт-Петербург,,,,,1.0,,,,,,,,,1.0,,,,,,,,,59.83467432556856,30.504191896094227
163,8a110610d2a7fff,97.83333333333331,1152,59.84203490748172,30.11456878475994,Санкт-Петербург,,,,2.0,,2.0,,,,,,,,,,,,,,,,,59.84203490748172,30.11456878475994
164,8a110614a78ffff,1947.5,63,59.92995791404228,30.286776313099715,Санкт-Петербург,,,,,,,,,2.0,1.0,,,,,,,,,,,,,59.92995791404229,30.286776313099715
165,8a110614aac7fff,93.33333333333334,294,59.94214329017044,30.277363562111724,Санкт-Петербург,,,,4.0,,2.0,2.0,,,,,1.0,,2.0,,,,1.0,,,,,59.94214329017044,30.27736356211172
166,8a110614aae7fff,6366.0,190,59.94247926178255,30.275439301263468,Санкт-Петербург,,,2.0,2.0,4.0,8.0,,7.0,1.0,2.0,,,,6.0,,,2.0,,,4.0,,,59.94247926178255,30.275439301263468
167,8a110614aaeffff,11296.366666666667,393,59.943260914457525,30.276999268663115,Санкт-Петербург,,,,2.0,5.0,,,,,2.0,,,,1.0,1.0,,,,1.0,,,,59.943260914457525,30.276999268663115
168,8a110614ac4ffff,1802.5,44,59.932201203064665,30.267903927112496,Санкт-Петербург,,,,,,,,,1.0,,,,,,,,,,,,,,59.932201203064665,30.267903927112496
169,8a110614b35ffff,3274.883333333333,329,59.96068225835865,30.30400322777665,Санкт-Петербург,,,2.0,2.0,1.0,,,12.0,3.0,4.0,,,,1.0,1.0,,,6.0,1.0,4.0,1.0,,59.96068225835865,30.30400322777666
170,8a110614bb8ffff,16228.166666666664,92,59.9589005693945,30.29005582998712,Санкт-Петербург,,,,,,1.0,,1.0,,2.0,1.0,,,,,,1.0,2.0,,2.0,1.0,,59.9589005693945,30.29005582998712
171,8a110614bb9ffff,7999.666666666666,21,59.957782931897256,30.2904199140645,Санкт-Петербург,,,,2.0,,6.0,,,3.0,1.0,,,1.0,2.0,2.0,1.0,1.0,,,2.0,1.0,,59.957782931897256,30.2904199140645
172,8a110614c6e7fff,96.16666666666666,476,59.94952674987209,30.235029098480457,Санкт-Петербург,,,,,,6.0,,5.0,2.0,1.0,,,,,,,,,,,,,59.94952674987209,30.23502909848045
173,8a110614eb87fff,14512.166666666668,414,59.9385777888898,30.23135416088348,Санкт-Петербург,,,,,,4.0,,,,,,,,,,,,,,2.0,,,59.938577788889816,30.23135416088349
174,8a1106150697fff,100.16666666666666,1056,59.85310016361791,30.214011390852843,Санкт-Петербург,,,,,1.0,,,,,,2.0,,,1.0,2.0,,2.0,,1.0,4.0,,,59.85310016361791,30.21401139085284
175,8a1106152c17fff,13222.166666666668,748,59.83455176153058,30.205602844043792,Санкт-Петербург,,,,,,1.0,,11.0,,3.0,,,3.0,3.0,4.0,,,,1.0,,,,59.83455176153058,30.205602844043792
176,8a1106152c17fff,165.16666666666666,748,59.83455176153058,30.205602844043792,Санкт-Петербург,,,,,,1.0,,11.0,,3.0,,,3.0,3.0,4.0,,,,1.0,,,,59.83455176153058,30.205602844043792
177,8a1106158aeffff,28.383333333333336,479,59.90649371902472,30.27628045267076,Санкт-Петербург,,,,,,,,,,,,,,,,,,,,2.0,,,59.90649371902472,30.27628045267077
178,8a1106a80a07fff,7552.333333333334,2332,60.05308707568305,30.312089021069315,Санкт-Петербург,,,1.0,5.0,,,2.0,12.0,,1.0,4.0,,,1.0,1.0,,1.0,4.0,1.0,2.0,,,60.05308707568306,30.312089021069315
179,8a1106a83967fff,131.16666666666666,1175,60.05129416399175,30.334528547918644,Санкт-Петербург,,,,,1.0,,,8.0,,,3.0,,1.0,1.0,3.0,1.0,2.0,,1.0,,,,60.05129416399175,30.33452854791866
180,8a1106a915affff,262.6666666666667,352,59.99988162241668,30.35123944550733,Санкт-Петербург,,,1.0,2.0,,,,,,,,,,,,,,,,,,,59.99988162241668,30.351239445507336
181,8a1106a93a27fff,105.66666666666666,391,59.99942369276887,30.365938640426744,Санкт-Петербург,,,,,,2.0,,,,,1.0,1.0,,,1.0,,,,,,,,59.99942369276887,30.365938640426744
182,8a1106a961b7fff,13533.666666666666,414,59.96827915121261,30.30879655396248,Санкт-Петербург,,,,2.0,3.0,,,,,,,,1.0,,1.0,,,,1.0,,,,59.96827915121261,30.30879655396248
183,8a1106a96547fff,90.83333333333334,530,59.966488848145545,30.313011947239183,Санкт-Петербург,,,,,4.0,,,3.0,1.0,6.0,1.0,,3.0,,,,1.0,,,3.0,,,59.96648884814553,30.313011947239207
184,8a1106a96cc7fff,2258.0,111,59.96637993302397,30.30759800918761,Санкт-Петербург,,,,,1.0,,,,,,,,,,,,,,,,,,59.96637993302397,30.30759800918761
185,8a1106a96d57fff,23.48333333333333,319,59.96772459716865,30.29989469995875,Санкт-Петербург,,,2.0,,,1.0,,,,,,,,1.0,,,1.0,,,2.0,,,59.96772459716865,30.29989469995876
186,8a1106a98acffff,3628.65,225,60.03749641356686,30.41368378432071,Санкт-Петербург,,,,,,,1.0,,,,,,,,,,,,,,,,60.03749641356686,30.413683784320707
187,8a1106a9c447fff,9703.333333333334,264,60.02288676239736,30.376530571269093,Санкт-Петербург,,,,2.0,1.0,2.0,1.0,3.0,1.0,2.0,,1.0,2.0,4.0,4.0,2.0,1.0,,3.0,2.0,1.0,,60.02288676239736,30.3765305712691
188,8a1106a9d8e7fff,92.0,1612,60.049594866227615,30.38062030184508,Санкт-Петербург,,,,,,,,,,,,,1.0,,3.0,,,,,2.0,,,60.04959486622763,30.380620301845067
189,8a1106ab065ffff,9848.458333333334,1058,60.006950294908975,30.25619828989648,Санкт-Петербург,,,,,1.0,,,,,,,,2.0,,,,,,,,,,60.00695029490896,30.256198289896496
190,8a1106ab1c2ffff,3860.0,529,60.021359020608784,30.246025015779164,Санкт-Петербург,,,,,,,,,,,,,2.0,1.0,1.0,,,,,2.0,,,60.021359020608784,30.24602501577917
191,8a1106ab1d9ffff,10166.0,571,60.01722596365553,30.2455607052654,Санкт-Петербург,,,1.0,2.0,2.0,3.0,,7.0,2.0,3.0,3.0,,1.0,2.0,6.0,,2.0,,,2.0,,,60.01722596365553,30.245560705265408
192,8a1106ab225ffff,493.1666666666666,778,59.996783693243856,30.272247157931247,Санкт-Петербург,,,,2.0,,,,,,,,,,,,,,,1.0,,,,59.996783693243856,30.27224715793124
193,8a1106ab382ffff,1319.8333333333333,1004,60.01119569658418,30.26208192254204,Санкт-Петербург,,,,2.0,,2.0,,1.0,,,,,,1.0,1.0,,,,,4.0,,,60.01119569658417,30.26208192254205
194,8a1106ab6017fff,6522.4444444444425,965,59.987060471587085,30.219101110362743,Санкт-Петербург,,,1.0,,3.0,,,,,,,,4.0,1.0,,,,,,,1.0,,59.987060471587085,30.21910111036276
